<?xml version='1.0' encoding='UTF-8'?>
<faces-config xmlns="http://java.sun.com/xml/ns/javaee"
	xmlns:xsi="http://www.w3.org/2001/XMLSchema-instance"
	xsi:schemaLocation="http://java.sun.com/xml/ns/javaee http://java.sun.com/xml/ns/javaee/web-facesconfig_2_0.xsd"
	version="2.0">

	<application>
		<message-bundle>JsfMessageResources</message-bundle>
	</application>
	<managed-bean>
		<managed-bean-name>requestTime</managed-bean-name>
		<managed-bean-class>org.javacream.util.web.ServerTime</managed-bean-class>
		<managed-bean-scope>request</managed-bean-scope>
	</managed-bean>
	<managed-bean>
		<managed-bean-name>sessionTime</managed-bean-name>
		<managed-bean-class>org.javacream.util.web.ServerTime</managed-bean-class>
		<managed-bean-scope>session</managed-bean-scope>
	</managed-bean>
	<managed-bean>
		<managed-bean-name>applicationTime</managed-bean-name>
		<managed-bean-class>org.javacream.util.web.ServerTime</managed-bean-class>
		<managed-bean-scope>application</managed-bean-scope>
	</managed-bean>

</faces-config>
