<?xml version="1.0" encoding="UTF-8"?>
<b:beans xmlns="http://www.springframework.org/schema/security"
		 xmlns:b="http://www.springframework.org/schema/beans"
		 xmlns:xsi="http://www.w3.org/2001/XMLSchema-instance"
		 xsi:schemaLocation="http://www.springframework.org/schema/beans http://www.springframework.org/schema/beans/spring-beans.xsd
						http://www.springframework.org/schema/security http://www.springframework.org/schema/security/spring-security.xsd">

	<http auto-config="true" use-expressions="true">
		<form-login login-page="/app/login" login-processing-url="/app/loginProcess"
			default-target-url="/app/home" authentication-failure-url="/app/login?login_error=1" />
		<logout logout-url="/app/logout" logout-success-url="/app/home" />
		<intercept-url pattern="/secured/appleUser" method="POST" access="hasRole('ROLE_APPLE_USER')" />
		<intercept-url pattern="/secured/androidUser" method="POST" access="hasRole('ROLE_ANDROID_USER')" />
		<csrf disabled="true" />
	</http>

	<user-service>
		<user name="joe" password="{MD5}bf403351dfb2ae819874163aff25a49c" authorities="ROLE_USER, ROLE_APPLE_USER" />
		<user name="pete" password="{MD5}5d2ea1f70185e4357183bb9c00187219" authorities="ROLE_USER, ROLE_ANDROID_USER" />
	</user-service>

</b:beans>